[
	{
		"endPoint": { "x": 4, "y": 4 },
		"moves": [
			{ "s": { "x": 6, "y": 4 }, "g": { "x": 5, "y": 4 }, "d": { "x": 4, "y": 4 } },
			{ "s": { "x": 3, "y": 4 }, "g": { "x": 4, "y": 4 }, "d": { "x": 5, "y": 4 } },
			{ "s": { "x": 4, "y": 2 }, "g": { "x": 4, "y": 3 }, "d": { "x": 4, "y": 4 } },
			{ "s": { "x": 2, "y": 3 }, "g": { "x": 3, "y": 3 }, "d": { "x": 4, "y": 3 } },
			{ "s": { "x": 4, "y": 4 }, "g": { "x": 4, "y": 3 }, "d": { "x": 4, "y": 2 } },
			{ "s": { "x": 4, "y": 1 }, "g": { "x": 4, "y": 2 }, "d": { "x": 4, "y": 3 } },
			{ "s": { "x": 4, "y": 6 }, "g": { "x": 4, "y": 5 }, "d": { "x": 4, "y": 4 } },
			{ "s": { "x": 2, "y": 1 }, "g": { "x": 3, "y": 1 }, "d": { "x": 4, "y": 1 } },
			{ "s": { "x": 4, "y": 4 }, "g": { "x": 4, "y": 3 }, "d": { "x": 4, "y": 2 } },
			{ "s": { "x": 6, "y": 2 }, "g": { "x": 6, "y": 3 }, "d": { "x": 6, "y": 4 } },
			{ "s": { "x": 2, "y": 5 }, "g": { "x": 2, "y": 4 }, "d": { "x": 2, "y": 3 } },
			{ "s": { "x": 6, "y": 4 }, "g": { "x": 5, "y": 4 }, "d": { "x": 4, "y": 4 } },
			{ "s": { "x": 5, "y": 2 }, "g": { "x": 5, "y": 3 }, "d": { "x": 5, "y": 4 } },
			{ "s": { "x": 4, "y": 1 }, "g": { "x": 4, "y": 2 }, "d": { "x": 4, "y": 3 } },
			{ "s": { "x": 2, "y": 6 }, "g": { "x": 3, "y": 6 }, "d": { "x": 4, "y": 6 } },
			{ "s": { "x": 4, "y": 4 }, "g": { "x": 4, "y": 3 }, "d": { "x": 4, "y": 2 } },
			{ "s": { "x": 2, "y": 3 }, "g": { "x": 2, "y": 2 }, "d": { "x": 2, "y": 1 } },
			{ "s": { "x": 0, "y": 4 }, "g": { "x": 1, "y": 4 }, "d": { "x": 2, "y": 4 } },
			{ "s": { "x": 2, "y": 0 }, "g": { "x": 2, "y": 1 }, "d": { "x": 2, "y": 2 } },
			{ "s": { "x": 0, "y": 3 }, "g": { "x": 1, "y": 3 }, "d": { "x": 2, "y": 3 } },
			{ "s": { "x": 3, "y": 2 }, "g": { "x": 4, "y": 2 }, "d": { "x": 5, "y": 2 } },
			{ "s": { "x": 2, "y": 3 }, "g": { "x": 2, "y": 2 }, "d": { "x": 2, "y": 1 } },
			{ "s": { "x": 0, "y": 2 }, "g": { "x": 1, "y": 2 }, "d": { "x": 2, "y": 2 } },
			{ "s": { "x": 2, "y": 1 }, "g": { "x": 2, "y": 2 }, "d": { "x": 2, "y": 3 } },
			{ "s": { "x": 2, "y": 3 }, "g": { "x": 2, "y": 4 }, "d": { "x": 2, "y": 5 } },
			{ "s": { "x": 2, "y": 5 }, "g": { "x": 3, "y": 5 }, "d": { "x": 4, "y": 5 } },
			{ "s": { "x": 4, "y": 0 }, "g": { "x": 3, "y": 0 }, "d": { "x": 2, "y": 0 } },
			{ "s": { "x": 4, "y": 6 }, "g": { "x": 4, "y": 5 }, "d": { "x": 4, "y": 4 } },
			{ "s": { "x": 5, "y": 4 }, "g": { "x": 4, "y": 4 }, "d": { "x": 3, "y": 4 } }
		]
	},
	{
		"endPoint": { "x": 6, "y": 3 },
		"moves": [
			{ "s": { "x": 4, "y": 3 }, "g": { "x": 5, "y": 3 }, "d": { "x": 6, "y": 3 } },
			{ "s": { "x": 4, "y": 5 }, "g": { "x": 4, "y": 4 }, "d": { "x": 4, "y": 3 } },
			{ "s": { "x": 2, "y": 5 }, "g": { "x": 3, "y": 5 }, "d": { "x": 4, "y": 5 } },
			{ "s": { "x": 3, "y": 3 }, "g": { "x": 3, "y": 4 }, "d": { "x": 3, "y": 5 } },
			{ "s": { "x": 4, "y": 2 }, "g": { "x": 4, "y": 3 }, "d": { "x": 4, "y": 4 } },
			{ "s": { "x": 2, "y": 2 }, "g": { "x": 3, "y": 2 }, "d": { "x": 4, "y": 2 } },
			{ "s": { "x": 4, "y": 5 }, "g": { "x": 4, "y": 4 }, "d": { "x": 4, "y": 3 } },
			{ "s": { "x": 2, "y": 3 }, "g": { "x": 2, "y": 4 }, "d": { "x": 2, "y": 5 } },
			{ "s": { "x": 3, "y": 6 }, "g": { "x": 3, "y": 5 }, "d": { "x": 3, "y": 4 } },
			{ "s": { "x": 6, "y": 4 }, "g": { "x": 5, "y": 4 }, "d": { "x": 4, "y": 4 } },
			{ "s": { "x": 2, "y": 6 }, "g": { "x": 2, "y": 5 }, "d": { "x": 2, "y": 4 } },
			{ "s": { "x": 2, "y": 0 }, "g": { "x": 2, "y": 1 }, "d": { "x": 2, "y": 2 } },
			{ "s": { "x": 3, "y": 4 }, "g": { "x": 4, "y": 4 }, "d": { "x": 5, "y": 4 } },
			{ "s": { "x": 0, "y": 3 }, "g": { "x": 1, "y": 3 }, "d": { "x": 2, "y": 3 } },
			{ "s": { "x": 6, "y": 2 }, "g": { "x": 6, "y": 3 }, "d": { "x": 6, "y": 4 } },
			{ "s": { "x": 1, "y": 2 }, "g": { "x": 2, "y": 2 }, "d": { "x": 3, "y": 2 } },
			{ "s": { "x": 6, "y": 4 }, "g": { "x": 5, "y": 4 }, "d": { "x": 4, "y": 4 } },
			{ "s": { "x": 2, "y": 3 }, "g": { "x": 2, "y": 4 }, "d": { "x": 2, "y": 5 } },
			{ "s": { "x": 4, "y": 1 }, "g": { "x": 3, "y": 1 }, "d": { "x": 2, "y": 1 } },
			{ "s": { "x": 4, "y": 0 }, "g": { "x": 3, "y": 0 }, "d": { "x": 2, "y": 0 } },
			{ "s": { "x": 0, "y": 4 }, "g": { "x": 1, "y": 4 }, "d": { "x": 2, "y": 4 } },
			{ "s": { "x": 2, "y": 0 }, "g": { "x": 2, "y": 1 }, "d": { "x": 2, "y": 2 } },
			{ "s": { "x": 3, "y": 2 }, "g": { "x": 2, "y": 2 }, "d": { "x": 1, "y": 2 } },
			{ "s": { "x": 2, "y": 5 }, "g": { "x": 2, "y": 4 }, "d": { "x": 2, "y": 3 } },
			{ "s": { "x": 4, "y": 3 }, "g": { "x": 4, "y": 4 }, "d": { "x": 4, "y": 5 } },
			{ "s": { "x": 4, "y": 2 }, "g": { "x": 5, "y": 2 }, "d": { "x": 6, "y": 2 } },
			{ "s": { "x": 0, "y": 2 }, "g": { "x": 1, "y": 2 }, "d": { "x": 2, "y": 2 } },
			{ "s": { "x": 4, "y": 6 }, "g": { "x": 4, "y": 5 }, "d": { "x": 4, "y": 4 } },
			{ "s": { "x": 2, "y": 2 }, "g": { "x": 2, "y": 3 }, "d": { "x": 2, "y": 4 } }
		]
	},
	{
		"endPoint": { "x": 5, "y": 2 },
		"moves": [
			{ "s": { "x": 3, "y": 2 }, "g": { "x": 4, "y": 2 }, "d": { "x": 5, "y": 2 } },
			{ "s": { "x": 3, "y": 4 }, "g": { "x": 3, "y": 3 }, "d": { "x": 3, "y": 2 } },
			{ "s": { "x": 1, "y": 4 }, "g": { "x": 2, "y": 4 }, "d": { "x": 3, "y": 4 } },
			{ "s": { "x": 4, "y": 4 }, "g": { "x": 3, "y": 4 }, "d": { "x": 2, "y": 4 } },
			{ "s": { "x": 1, "y": 2 }, "g": { "x": 1, "y": 3 }, "d": { "x": 1, "y": 4 } },
			{ "s": { "x": 4, "y": 6 }, "g": { "x": 4, "y": 5 }, "d": { "x": 4, "y": 4 } },
			{ "s": { "x": 3, "y": 2 }, "g": { "x": 2, "y": 2 }, "d": { "x": 1, "y": 2 } },
			{ "s": { "x": 2, "y": 6 }, "g": { "x": 3, "y": 6 }, "d": { "x": 4, "y": 6 } },
			{ "s": { "x": 5, "y": 3 }, "g": { "x": 4, "y": 3 }, "d": { "x": 3, "y": 3 } },
			{ "s": { "x": 4, "y": 0 }, "g": { "x": 4, "y": 1 }, "d": { "x": 4, "y": 2 } },
			{ "s": { "x": 2, "y": 0 }, "g": { "x": 3, "y": 0 }, "d": { "x": 4, "y": 0 } },
			{ "s": { "x": 3, "y": 3 }, "g": { "x": 2, "y": 3 }, "d": { "x": 1, "y": 3 } },
			{ "s": { "x": 2, "y": 1 }, "g": { "x": 3, "y": 1 }, "d": { "x": 4, "y": 1 } },
			{ "s": { "x": 1, "y": 4 }, "g": { "x": 2, "y": 4 }, "d": { "x": 3, "y": 4 } },
			{ "s": { "x": 0, "y": 2 }, "g": { "x": 1, "y": 2 }, "d": { "x": 2, "y": 2 } },
			{ "s": { "x": 5, "y": 2 }, "g": { "x": 4, "y": 2 }, "d": { "x": 3, "y": 2 } },
			{ "s": { "x": 4, "y": 4 }, "g": { "x": 3, "y": 4 }, "d": { "x": 2, "y": 4 } },
			{ "s": { "x": 2, "y": 5 }, "g": { "x": 3, "y": 5 }, "d": { "x": 4, "y": 5 } },
			{ "s": { "x": 3, "y": 2 }, "g": { "x": 2, "y": 2 }, "d": { "x": 1, "y": 2 } },
			{ "s": { "x": 4, "y": 0 }, "g": { "x": 4, "y": 1 }, "d": { "x": 4, "y": 2 } },
			{ "s": { "x": 1, "y": 2 }, "g": { "x": 1, "y": 3 }, "d": { "x": 1, "y": 4 } },
			{ "s": { "x": 1, "y": 4 }, "g": { "x": 2, "y": 4 }, "d": { "x": 3, "y": 4 } },
			{ "s": { "x": 6, "y": 4 }, "g": { "x": 5, "y": 4 }, "d": { "x": 4, "y": 4 } },
			{ "s": { "x": 3, "y": 4 }, "g": { "x": 4, "y": 4 }, "d": { "x": 5, "y": 4 } },
			{ "s": { "x": 0, "y": 4 }, "g": { "x": 0, "y": 3 }, "d": { "x": 0, "y": 2 } },
			{ "s": { "x": 6, "y": 2 }, "g": { "x": 6, "y": 3 }, "d": { "x": 6, "y": 4 } },
			{ "s": { "x": 6, "y": 4 }, "g": { "x": 5, "y": 4 }, "d": { "x": 4, "y": 4 } },
			{ "s": { "x": 4, "y": 5 }, "g": { "x": 4, "y": 4 }, "d": { "x": 4, "y": 3 } },
			{ "s": { "x": 4, "y": 3 }, "g": { "x": 4, "y": 2 }, "d": { "x": 4, "y": 1 } }
		]
	},
	{
		"endPoint": { "x": 4, "y": 2 },
		"moves": [
			{ "s": { "x": 2, "y": 2 }, "g": { "x": 3, "y": 2 }, "d": { "x": 4, "y": 2 } },
			{ "s": { "x": 0, "y": 2 }, "g": { "x": 1, "y": 2 }, "d": { "x": 2, "y": 2 } },
			{ "s": { "x": 3, "y": 4 }, "g": { "x": 3, "y": 3 }, "d": { "x": 3, "y": 2 } },
			{ "s": { "x": 3, "y": 2 }, "g": { "x": 2, "y": 2 }, "d": { "x": 1, "y": 2 } },
			{ "s": { "x": 3, "y": 0 }, "g": { "x": 3, "y": 1 }, "d": { "x": 3, "y": 2 } },
			{ "s": { "x": 0, "y": 4 }, "g": { "x": 0, "y": 3 }, "d": { "x": 0, "y": 2 } },
			{ "s": { "x": 0, "y": 2 }, "g": { "x": 1, "y": 2 }, "d": { "x": 2, "y": 2 } },
			{ "s": { "x": 2, "y": 4 }, "g": { "x": 1, "y": 4 }, "d": { "x": 0, "y": 4 } },
			{ "s": { "x": 2, "y": 6 }, "g": { "x": 2, "y": 5 }, "d": { "x": 2, "y": 4 } },
			{ "s": { "x": 4, "y": 6 }, "g": { "x": 3, "y": 6 }, "d": { "x": 2, "y": 6 } },
			{ "s": { "x": 5, "y": 4 }, "g": { "x": 4, "y": 4 }, "d": { "x": 3, "y": 4 } },
			{ "s": { "x": 5, "y": 2 }, "g": { "x": 5, "y": 3 }, "d": { "x": 5, "y": 4 } },
			{ "s": { "x": 4, "y": 5 }, "g": { "x": 3, "y": 5 }, "d": { "x": 2, "y": 5 } },
			{ "s": { "x": 3, "y": 2 }, "g": { "x": 4, "y": 2 }, "d": { "x": 5, "y": 2 } },
			{ "s": { "x": 1, "y": 3 }, "g": { "x": 2, "y": 3 }, "d": { "x": 3, "y": 3 } },
			{ "s": { "x": 3, "y": 4 }, "g": { "x": 3, "y": 3 }, "d": { "x": 3, "y": 2 } },
			{ "s": { "x": 4, "y": 0 }, "g": { "x": 4, "y": 1 }, "d": { "x": 4, "y": 2 } },
			{ "s": { "x": 4, "y": 2 }, "g": { "x": 4, "y": 3 }, "d": { "x": 4, "y": 4 } },
			{ "s": { "x": 2, "y": 1 }, "g": { "x": 2, "y": 2 }, "d": { "x": 2, "y": 3 } },
			{ "s": { "x": 5, "y": 4 }, "g": { "x": 4, "y": 4 }, "d": { "x": 3, "y": 4 } },
			{ "s": { "x": 6, "y": 2 }, "g": { "x": 5, "y": 2 }, "d": { "x": 4, "y": 2 } },
			{ "s": { "x": 4, "y": 2 }, "g": { "x": 3, "y": 2 }, "d": { "x": 2, "y": 2 } },
			{ "s": { "x": 2, "y": 3 }, "g": { "x": 2, "y": 2 }, "d": { "x": 2, "y": 1 } },
			{ "s": { "x": 3, "y": 4 }, "g": { "x": 2, "y": 4 }, "d": { "x": 1, "y": 4 } },
			{ "s": { "x": 0, "y": 4 }, "g": { "x": 1, "y": 4 }, "d": { "x": 2, "y": 4 } },
			{ "s": { "x": 2, "y": 5 }, "g": { "x": 2, "y": 4 }, "d": { "x": 2, "y": 3 } },
			{ "s": { "x": 2, "y": 0 }, "g": { "x": 2, "y": 1 }, "d": { "x": 2, "y": 2 } },
			{ "s": { "x": 2, "y": 3 }, "g": { "x": 2, "y": 2 }, "d": { "x": 2, "y": 1 } },
			{ "s": { "x": 6, "y": 4 }, "g": { "x": 6, "y": 3 }, "d": { "x": 6, "y": 2 } }
		]
	},
	{
		"endPoint": { "x": 1, "y": 2 },
		"moves": [
			{ "s": { "x": 3, "y": 2 }, "g": { "x": 2, "y": 2 }, "d": { "x": 1, "y": 2 } },
			{ "s": { "x": 2, "y": 0 }, "g": { "x": 2, "y": 1 }, "d": { "x": 2, "y": 2 } },
			{ "s": { "x": 2, "y": 3 }, "g": { "x": 2, "y": 2 }, "d": { "x": 2, "y": 1 } },
			{ "s": { "x": 4, "y": 0 }, "g": { "x": 3, "y": 0 }, "d": { "x": 2, "y": 0 } },
			{ "s": { "x": 0, "y": 2 }, "g": { "x": 1, "y": 2 }, "d": { "x": 2, "y": 2 } },
			{ "s": { "x": 5, "y": 2 }, "g": { "x": 4, "y": 2 }, "d": { "x": 3, "y": 2 } },
			{ "s": { "x": 3, "y": 2 }, "g": { "x": 2, "y": 2 }, "d": { "x": 1, "y": 2 } },
			{ "s": { "x": 4, "y": 4 }, "g": { "x": 4, "y": 3 }, "d": { "x": 4, "y": 2 } },
			{ "s": { "x": 3, "y": 4 }, "g": { "x": 3, "y": 3 }, "d": { "x": 3, "y": 2 } },
			{ "s": { "x": 0, "y": 3 }, "g": { "x": 1, "y": 3 }, "d": { "x": 2, "y": 3 } },
			{ "s": { "x": 4, "y": 2 }, "g": { "x": 4, "y": 1 }, "d": { "x": 4, "y": 0 } },
			{ "s": { "x": 3, "y": 1 }, "g": { "x": 3, "y": 2 }, "d": { "x": 3, "y": 3 } },
			{ "s": { "x": 5, "y": 4 }, "g": { "x": 5, "y": 3 }, "d": { "x": 5, "y": 2 } },
			{ "s": { "x": 2, "y": 0 }, "g": { "x": 2, "y": 1 }, "d": { "x": 2, "y": 2 } },
			{ "s": { "x": 2, "y": 3 }, "g": { "x": 3, "y": 3 }, "d": { "x": 4, "y": 3 } },
			{ "s": { "x": 6, "y": 2 }, "g": { "x": 5, "y": 2 }, "d": { "x": 4, "y": 2 } },
			{ "s": { "x": 4, "y": 3 }, "g": { "x": 4, "y": 2 }, "d": { "x": 4, "y": 1 } },
			{ "s": { "x": 1, "y": 2 }, "g": { "x": 2, "y": 2 }, "d": { "x": 3, "y": 2 } },
			{ "s": { "x": 2, "y": 5 }, "g": { "x": 2, "y": 4 }, "d": { "x": 2, "y": 3 } },
			{ "s": { "x": 4, "y": 5 }, "g": { "x": 3, "y": 5 }, "d": { "x": 2, "y": 5 } },
			{ "s": { "x": 2, "y": 6 }, "g": { "x": 2, "y": 5 }, "d": { "x": 2, "y": 4 } },
			{ "s": { "x": 4, "y": 0 }, "g": { "x": 4, "y": 1 }, "d": { "x": 4, "y": 2 } },
			{ "s": { "x": 4, "y": 6 }, "g": { "x": 3, "y": 6 }, "d": { "x": 2, "y": 6 } },
			{ "s": { "x": 4, "y": 2 }, "g": { "x": 3, "y": 2 }, "d": { "x": 2, "y": 2 } },
			{ "s": { "x": 2, "y": 3 }, "g": { "x": 2, "y": 4 }, "d": { "x": 2, "y": 5 } },
			{ "s": { "x": 0, "y": 4 }, "g": { "x": 1, "y": 4 }, "d": { "x": 2, "y": 4 } },
			{ "s": { "x": 6, "y": 4 }, "g": { "x": 6, "y": 3 }, "d": { "x": 6, "y": 2 } },
			{ "s": { "x": 2, "y": 5 }, "g": { "x": 2, "y": 4 }, "d": { "x": 2, "y": 3 } },
			{ "s": { "x": 2, "y": 2 }, "g": { "x": 2, "y": 3 }, "d": { "x": 2, "y": 4 } }
		]
	},
	{
		"endPoint": { "x": 0, "y": 2 },
		"moves": [
			{ "s": { "x": 0, "y": 4 }, "g": { "x": 0, "y": 3 }, "d": { "x": 0, "y": 2 } },
			{ "s": { "x": 2, "y": 3 }, "g": { "x": 1, "y": 3 }, "d": { "x": 0, "y": 3 } },
			{ "s": { "x": 2, "y": 1 }, "g": { "x": 2, "y": 2 }, "d": { "x": 2, "y": 3 } },
			{ "s": { "x": 4, "y": 1 }, "g": { "x": 3, "y": 1 }, "d": { "x": 2, "y": 1 } },
			{ "s": { "x": 4, "y": 3 }, "g": { "x": 4, "y": 2 }, "d": { "x": 4, "y": 1 } },
			{ "s": { "x": 0, "y": 2 }, "g": { "x": 1, "y": 2 }, "d": { "x": 2, "y": 2 } },
			{ "s": { "x": 2, "y": 3 }, "g": { "x": 3, "y": 3 }, "d": { "x": 4, "y": 3 } },
			{ "s": { "x": 3, "y": 5 }, "g": { "x": 3, "y": 4 }, "d": { "x": 3, "y": 3 } },
			{ "s": { "x": 4, "y": 3 }, "g": { "x": 3, "y": 3 }, "d": { "x": 2, "y": 3 } },
			{ "s": { "x": 3, "y": 2 }, "g": { "x": 2, "y": 2 }, "d": { "x": 1, "y": 2 } },
			{ "s": { "x": 1, "y": 4 }, "g": { "x": 2, "y": 4 }, "d": { "x": 3, "y": 4 } },
			{ "s": { "x": 4, "y": 5 }, "g": { "x": 4, "y": 4 }, "d": { "x": 4, "y": 3 } },
			{ "s": { "x": 2, "y": 0 }, "g": { "x": 2, "y": 1 }, "d": { "x": 2, "y": 2 } },
			{ "s": { "x": 6, "y": 4 }, "g": { "x": 5, "y": 4 }, "d": { "x": 4, "y": 4 } },
			{ "s": { "x": 5, "y": 2 }, "g": { "x": 5, "y": 3 }, "d": { "x": 5, "y": 4 } },
			{ "s": { "x": 2, "y": 2 }, "g": { "x": 1, "y": 2 }, "d": { "x": 0, "y": 2 } },
			{ "s": { "x": 4, "y": 4 }, "g": { "x": 4, "y": 3 }, "d": { "x": 4, "y": 2 } },
			{ "s": { "x": 2, "y": 6 }, "g": { "x": 2, "y": 5 }, "d": { "x": 2, "y": 4 } },
			{ "s": { "x": 3, "y": 4 }, "g": { "x": 2, "y": 4 }, "d": { "x": 1, "y": 4 } },
			{ "s": { "x": 4, "y": 6 }, "g": { "x": 3, "y": 6 }, "d": { "x": 2, "y": 6 } },
			{ "s": { "x": 4, "y": 1 }, "g": { "x": 4, "y": 2 }, "d": { "x": 4, "y": 3 } },
			{ "s": { "x": 0, "y": 2 }, "g": { "x": 0, "y": 3 }, "d": { "x": 0, "y": 4 } },
			{ "s": { "x": 6, "y": 2 }, "g": { "x": 6, "y": 3 }, "d": { "x": 6, "y": 4 } },
			{ "s": { "x": 4, "y": 0 }, "g": { "x": 3, "y": 0 }, "d": { "x": 2, "y": 0 } },
			{ "s": { "x": 0, "y": 4 }, "g": { "x": 1, "y": 4 }, "d": { "x": 2, "y": 4 } },
			{ "s": { "x": 2, "y": 3 }, "g": { "x": 2, "y": 4 }, "d": { "x": 2, "y": 5 } },
			{ "s": { "x": 6, "y": 4 }, "g": { "x": 5, "y": 4 }, "d": { "x": 4, "y": 4 } },
			{ "s": { "x": 4, "y": 3 }, "g": { "x": 4, "y": 4 }, "d": { "x": 4, "y": 5 } },
			{ "s": { "x": 2, "y": 6 }, "g": { "x": 2, "y": 5 }, "d": { "x": 2, "y": 4 } }
		]
	},
	{
		"endPoint": { "x": 0, "y": 2 },
		"moves": [
			{ "s": { "x": 0, "y": 4 }, "g": { "x": 0, "y": 3 }, "d": { "x": 0, "y": 2 } },
			{ "s": { "x": 2, "y": 4 }, "g": { "x": 1, "y": 4 }, "d": { "x": 0, "y": 4 } },
			{ "s": { "x": 2, "y": 3 }, "g": { "x": 1, "y": 3 }, "d": { "x": 0, "y": 3 } },
			{ "s": { "x": 4, "y": 4 }, "g": { "x": 3, "y": 4 }, "d": { "x": 2, "y": 4 } },
			{ "s": { "x": 3, "y": 6 }, "g": { "x": 3, "y": 5 }, "d": { "x": 3, "y": 4 } },
			{ "s": { "x": 3, "y": 4 }, "g": { "x": 2, "y": 4 }, "d": { "x": 1, "y": 4 } },
			{ "s": { "x": 3, "y": 2 }, "g": { "x": 3, "y": 3 }, "d": { "x": 3, "y": 4 } },
			{ "s": { "x": 0, "y": 4 }, "g": { "x": 1, "y": 4 }, "d": { "x": 2, "y": 4 } },
			{ "s": { "x": 0, "y": 2 }, "g": { "x": 0, "y": 3 }, "d": { "x": 0, "y": 4 } },
			{ "s": { "x": 5, "y": 3 }, "g": { "x": 4, "y": 3 }, "d": { "x": 3, "y": 3 } },
			{ "s": { "x": 4, "y": 6 }, "g": { "x": 4, "y": 5 }, "d": { "x": 4, "y": 4 } },
			{ "s": { "x": 3, "y": 4 }, "g": { "x": 3, "y": 3 }, "d": { "x": 3, "y": 2 } },
			{ "s": { "x": 3, "y": 1 }, "g": { "x": 3, "y": 2 }, "d": { "x": 3, "y": 3 } },
			{ "s": { "x": 4, "y": 1 }, "g": { "x": 4, "y": 2 }, "d": { "x": 4, "y": 3 } },
			{ "s": { "x": 1, "y": 2 }, "g": { "x": 2, "y": 2 }, "d": { "x": 3, "y": 2 } },
			{ "s": { "x": 5, "y": 4 }, "g": { "x": 4, "y": 4 }, "d": { "x": 3, "y": 4 } },
			{ "s": { "x": 3, "y": 4 }, "g": { "x": 2, "y": 4 }, "d": { "x": 1, "y": 4 } },
			{ "s": { "x": 4, "y": 3 }, "g": { "x": 3, "y": 3 }, "d": { "x": 2, "y": 3 } },
			{ "s": { "x": 2, "y": 0 }, "g": { "x": 2, "y": 1 }, "d": { "x": 2, "y": 2 } },
			{ "s": { "x": 3, "y": 2 }, "g": { "x": 2, "y": 2 }, "d": { "x": 1, "y": 2 } },
			{ "s": { "x": 6, "y": 2 }, "g": { "x": 5, "y": 2 }, "d": { "x": 4, "y": 2 } },
			{ "s": { "x": 0, "y": 4 }, "g": { "x": 1, "y": 4 }, "d": { "x": 2, "y": 4 } },
			{ "s": { "x": 6, "y": 4 }, "g": { "x": 6, "y": 3 }, "d": { "x": 6, "y": 2 } },
			{ "s": { "x": 4, "y": 0 }, "g": { "x": 3, "y": 0 }, "d": { "x": 2, "y": 0 } },
			{ "s": { "x": 2, "y": 4 }, "g": { "x": 2, "y": 3 }, "d": { "x": 2, "y": 2 } },
			{ "s": { "x": 1, "y": 2 }, "g": { "x": 2, "y": 2 }, "d": { "x": 3, "y": 2 } },
			{ "s": { "x": 2, "y": 6 }, "g": { "x": 2, "y": 5 }, "d": { "x": 2, "y": 4 } },
			{ "s": { "x": 3, "y": 2 }, "g": { "x": 4, "y": 2 }, "d": { "x": 5, "y": 2 } },
			{ "s": { "x": 6, "y": 2 }, "g": { "x": 5, "y": 2 }, "d": { "x": 4, "y": 2 } }
		]
	},
	{
		"endPoint": { "x": 5, "y": 2 },
		"moves": [
			{ "s": { "x": 3, "y": 2 }, "g": { "x": 4, "y": 2 }, "d": { "x": 5, "y": 2 } },
			{ "s": { "x": 3, "y": 4 }, "g": { "x": 3, "y": 3 }, "d": { "x": 3, "y": 2 } },
			{ "s": { "x": 3, "y": 1 }, "g": { "x": 3, "y": 2 }, "d": { "x": 3, "y": 3 } },
			{ "s": { "x": 4, "y": 4 }, "g": { "x": 4, "y": 3 }, "d": { "x": 4, "y": 2 } },
			{ "s": { "x": 4, "y": 6 }, "g": { "x": 4, "y": 5 }, "d": { "x": 4, "y": 4 } },
			{ "s": { "x": 1, "y": 2 }, "g": { "x": 2, "y": 2 }, "d": { "x": 3, "y": 2 } },
			{ "s": { "x": 2, "y": 0 }, "g": { "x": 2, "y": 1 }, "d": { "x": 2, "y": 2 } },
			{ "s": { "x": 2, "y": 3 }, "g": { "x": 2, "y": 2 }, "d": { "x": 2, "y": 1 } },
			{ "s": { "x": 4, "y": 2 }, "g": { "x": 3, "y": 2 }, "d": { "x": 2, "y": 2 } },
			{ "s": { "x": 1, "y": 4 }, "g": { "x": 1, "y": 3 }, "d": { "x": 1, "y": 2 } },
			{ "s": { "x": 6, "y": 3 }, "g": { "x": 5, "y": 3 }, "d": { "x": 4, "y": 3 } },
			{ "s": { "x": 1, "y": 2 }, "g": { "x": 2, "y": 2 }, "d": { "x": 3, "y": 2 } },
			{ "s": { "x": 3, "y": 3 }, "g": { "x": 3, "y": 2 }, "d": { "x": 3, "y": 1 } },
			{ "s": { "x": 2, "y": 5 }, "g": { "x": 2, "y": 4 }, "d": { "x": 2, "y": 3 } },
			{ "s": { "x": 4, "y": 0 }, "g": { "x": 3, "y": 0 }, "d": { "x": 2, "y": 0 } },
			{ "s": { "x": 6, "y": 2 }, "g": { "x": 5, "y": 2 }, "d": { "x": 4, "y": 2 } },
			{ "s": { "x": 3, "y": 6 }, "g": { "x": 3, "y": 5 }, "d": { "x": 3, "y": 4 } },
			{ "s": { "x": 4, "y": 4 }, "g": { "x": 3, "y": 4 }, "d": { "x": 2, "y": 4 } },
			{ "s": { "x": 4, "y": 2 }, "g": { "x": 4, "y": 3 }, "d": { "x": 4, "y": 4 } },
			{ "s": { "x": 5, "y": 4 }, "g": { "x": 4, "y": 4 }, "d": { "x": 3, "y": 4 } },
			{ "s": { "x": 3, "y": 4 }, "g": { "x": 2, "y": 4 }, "d": { "x": 1, "y": 4 } },
			{ "s": { "x": 0, "y": 4 }, "g": { "x": 1, "y": 4 }, "d": { "x": 2, "y": 4 } },
			{ "s": { "x": 0, "y": 2 }, "g": { "x": 0, "y": 3 }, "d": { "x": 0, "y": 4 } },
			{ "s": { "x": 2, "y": 3 }, "g": { "x": 2, "y": 4 }, "d": { "x": 2, "y": 5 } },
			{ "s": { "x": 2, "y": 6 }, "g": { "x": 2, "y": 5 }, "d": { "x": 2, "y": 4 } },
			{ "s": { "x": 2, "y": 0 }, "g": { "x": 2, "y": 1 }, "d": { "x": 2, "y": 2 } },
			{ "s": { "x": 4, "y": 1 }, "g": { "x": 3, "y": 1 }, "d": { "x": 2, "y": 1 } },
			{ "s": { "x": 2, "y": 1 }, "g": { "x": 2, "y": 2 }, "d": { "x": 2, "y": 3 } },
			{ "s": { "x": 2, "y": 4 }, "g": { "x": 2, "y": 3 }, "d": { "x": 2, "y": 2 } }
		]
	},
	{
		"endPoint": { "x": 1, "y": 2 },
		"moves": [
			{ "s": { "x": 1, "y": 4 }, "g": { "x": 1, "y": 3 }, "d": { "x": 1, "y": 2 } },
			{ "s": { "x": 3, "y": 4 }, "g": { "x": 2, "y": 4 }, "d": { "x": 1, "y": 4 } },
			{ "s": { "x": 3, "y": 3 }, "g": { "x": 2, "y": 3 }, "d": { "x": 1, "y": 3 } },
			{ "s": { "x": 0, "y": 3 }, "g": { "x": 1, "y": 3 }, "d": { "x": 2, "y": 3 } },
			{ "s": { "x": 3, "y": 6 }, "g": { "x": 3, "y": 5 }, "d": { "x": 3, "y": 4 } },
			{ "s": { "x": 0, "y": 4 }, "g": { "x": 1, "y": 4 }, "d": { "x": 2, "y": 4 } },
			{ "s": { "x": 5, "y": 3 }, "g": { "x": 4, "y": 3 }, "d": { "x": 3, "y": 3 } },
			{ "s": { "x": 3, "y": 3 }, "g": { "x": 3, "y": 4 }, "d": { "x": 3, "y": 5 } },
			{ "s": { "x": 5, "y": 4 }, "g": { "x": 4, "y": 4 }, "d": { "x": 3, "y": 4 } },
			{ "s": { "x": 3, "y": 4 }, "g": { "x": 2, "y": 4 }, "d": { "x": 1, "y": 4 } },
			{ "s": { "x": 3, "y": 1 }, "g": { "x": 3, "y": 2 }, "d": { "x": 3, "y": 3 } },
			{ "s": { "x": 3, "y": 3 }, "g": { "x": 2, "y": 3 }, "d": { "x": 1, "y": 3 } },
			{ "s": { "x": 4, "y": 1 }, "g": { "x": 4, "y": 2 }, "d": { "x": 4, "y": 3 } },
			{ "s": { "x": 2, "y": 6 }, "g": { "x": 2, "y": 5 }, "d": { "x": 2, "y": 4 } },
			{ "s": { "x": 6, "y": 2 }, "g": { "x": 5, "y": 2 }, "d": { "x": 4, "y": 2 } },
			{ "s": { "x": 1, "y": 2 }, "g": { "x": 2, "y": 2 }, "d": { "x": 3, "y": 2 } },
			{ "s": { "x": 4, "y": 3 }, "g": { "x": 4, "y": 2 }, "d": { "x": 4, "y": 1 } },
			{ "s": { "x": 1, "y": 4 }, "g": { "x": 1, "y": 3 }, "d": { "x": 1, "y": 2 } },
			{ "s": { "x": 0, "y": 2 }, "g": { "x": 1, "y": 2 }, "d": { "x": 2, "y": 2 } },
			{ "s": { "x": 4, "y": 6 }, "g": { "x": 4, "y": 5 }, "d": { "x": 4, "y": 4 } },
			{ "s": { "x": 2, "y": 1 }, "g": { "x": 2, "y": 2 }, "d": { "x": 2, "y": 3 } },
			{ "s": { "x": 2, "y": 3 }, "g": { "x": 2, "y": 4 }, "d": { "x": 2, "y": 5 } },
			{ "s": { "x": 6, "y": 4 }, "g": { "x": 6, "y": 3 }, "d": { "x": 6, "y": 2 } },
			{ "s": { "x": 2, "y": 5 }, "g": { "x": 3, "y": 5 }, "d": { "x": 4, "y": 5 } },
			{ "s": { "x": 4, "y": 4 }, "g": { "x": 4, "y": 5 }, "d": { "x": 4, "y": 6 } },
			{ "s": { "x": 4, "y": 0 }, "g": { "x": 4, "y": 1 }, "d": { "x": 4, "y": 2 } },
			{ "s": { "x": 3, "y": 2 }, "g": { "x": 4, "y": 2 }, "d": { "x": 5, "y": 2 } },
			{ "s": { "x": 6, "y": 2 }, "g": { "x": 5, "y": 2 }, "d": { "x": 4, "y": 2 } },
			{ "s": { "x": 2, "y": 0 }, "g": { "x": 3, "y": 0 }, "d": { "x": 4, "y": 0 } }
		]
	},
	{
		"endPoint": { "x": 2, "y": 4 },
		"moves": [
			{ "s": { "x": 4, "y": 4 }, "g": { "x": 3, "y": 4 }, "d": { "x": 2, "y": 4 } },
			{ "s": { "x": 3, "y": 2 }, "g": { "x": 3, "y": 3 }, "d": { "x": 3, "y": 4 } },
			{ "s": { "x": 5, "y": 3 }, "g": { "x": 4, "y": 3 }, "d": { "x": 3, "y": 3 } },
			{ "s": { "x": 4, "y": 1 }, "g": { "x": 4, "y": 2 }, "d": { "x": 4, "y": 3 } },
			{ "s": { "x": 2, "y": 1 }, "g": { "x": 3, "y": 1 }, "d": { "x": 4, "y": 1 } },
			{ "s": { "x": 2, "y": 3 }, "g": { "x": 2, "y": 2 }, "d": { "x": 2, "y": 1 } },
			{ "s": { "x": 3, "y": 4 }, "g": { "x": 3, "y": 3 }, "d": { "x": 3, "y": 2 } },
			{ "s": { "x": 0, "y": 2 }, "g": { "x": 1, "y": 2 }, "d": { "x": 2, "y": 2 } },
			{ "s": { "x": 6, "y": 2 }, "g": { "x": 5, "y": 2 }, "d": { "x": 4, "y": 2 } },
			{ "s": { "x": 3, "y": 2 }, "g": { "x": 4, "y": 2 }, "d": { "x": 5, "y": 2 } },
			{ "s": { "x": 6, "y": 4 }, "g": { "x": 6, "y": 3 }, "d": { "x": 6, "y": 2 } },
			{ "s": { "x": 4, "y": 6 }, "g": { "x": 4, "y": 5 }, "d": { "x": 4, "y": 4 } },
			{ "s": { "x": 4, "y": 4 }, "g": { "x": 5, "y": 4 }, "d": { "x": 6, "y": 4 } },
			{ "s": { "x": 0, "y": 4 }, "g": { "x": 0, "y": 3 }, "d": { "x": 0, "y": 2 } },
			{ "s": { "x": 2, "y": 6 }, "g": { "x": 3, "y": 6 }, "d": { "x": 4, "y": 6 } },
			{ "s": { "x": 2, "y": 5 }, "g": { "x": 2, "y": 4 }, "d": { "x": 2, "y": 3 } },
			{ "s": { "x": 2, "y": 3 }, "g": { "x": 1, "y": 3 }, "d": { "x": 0, "y": 3 } },
			{ "s": { "x": 2, "y": 1 }, "g": { "x": 2, "y": 2 }, "d": { "x": 2, "y": 3 } },
			{ "s": { "x": 4, "y": 0 }, "g": { "x": 4, "y": 1 }, "d": { "x": 4, "y": 2 } },
			{ "s": { "x": 0, "y": 2 }, "g": { "x": 0, "y": 3 }, "d": { "x": 0, "y": 4 } },
			{ "s": { "x": 4, "y": 2 }, "g": { "x": 4, "y": 3 }, "d": { "x": 4, "y": 4 } },
			{ "s": { "x": 6, "y": 2 }, "g": { "x": 5, "y": 2 }, "d": { "x": 4, "y": 2 } },
			{ "s": { "x": 2, "y": 0 }, "g": { "x": 3, "y": 0 }, "d": { "x": 4, "y": 0 } },
			{ "s": { "x": 0, "y": 4 }, "g": { "x": 1, "y": 4 }, "d": { "x": 2, "y": 4 } },
			{ "s": { "x": 2, "y": 3 }, "g": { "x": 2, "y": 4 }, "d": { "x": 2, "y": 5 } },
			{ "s": { "x": 2, "y": 5 }, "g": { "x": 3, "y": 5 }, "d": { "x": 4, "y": 5 } },
			{ "s": { "x": 4, "y": 5 }, "g": { "x": 4, "y": 4 }, "d": { "x": 4, "y": 3 } },
			{ "s": { "x": 4, "y": 3 }, "g": { "x": 4, "y": 2 }, "d": { "x": 4, "y": 1 } },
			{ "s": { "x": 4, "y": 0 }, "g": { "x": 4, "y": 1 }, "d": { "x": 4, "y": 2 } }
		]
	},
	{
		"endPoint": { "x": 6, "y": 4 },
		"moves": [
			{ "s": { "x": 4, "y": 4 }, "g": { "x": 5, "y": 4 }, "d": { "x": 6, "y": 4 } },
			{ "s": { "x": 4, "y": 6 }, "g": { "x": 4, "y": 5 }, "d": { "x": 4, "y": 4 } },
			{ "s": { "x": 4, "y": 3 }, "g": { "x": 4, "y": 4 }, "d": { "x": 4, "y": 5 } },
			{ "s": { "x": 5, "y": 2 }, "g": { "x": 5, "y": 3 }, "d": { "x": 5, "y": 4 } },
			{ "s": { "x": 6, "y": 4 }, "g": { "x": 5, "y": 4 }, "d": { "x": 4, "y": 4 } },
			{ "s": { "x": 2, "y": 6 }, "g": { "x": 3, "y": 6 }, "d": { "x": 4, "y": 6 } },
			{ "s": { "x": 2, "y": 4 }, "g": { "x": 2, "y": 5 }, "d": { "x": 2, "y": 6 } },
			{ "s": { "x": 0, "y": 4 }, "g": { "x": 1, "y": 4 }, "d": { "x": 2, "y": 4 } },
			{ "s": { "x": 2, "y": 3 }, "g": { "x": 3, "y": 3 }, "d": { "x": 4, "y": 3 } },
			{ "s": { "x": 3, "y": 4 }, "g": { "x": 2, "y": 4 }, "d": { "x": 1, "y": 4 } },
			{ "s": { "x": 2, "y": 1 }, "g": { "x": 2, "y": 2 }, "d": { "x": 2, "y": 3 } },
			{ "s": { "x": 0, "y": 2 }, "g": { "x": 0, "y": 3 }, "d": { "x": 0, "y": 4 } },
			{ "s": { "x": 4, "y": 2 }, "g": { "x": 3, "y": 2 }, "d": { "x": 2, "y": 2 } },
			{ "s": { "x": 0, "y": 4 }, "g": { "x": 1, "y": 4 }, "d": { "x": 2, "y": 4 } },
			{ "s": { "x": 4, "y": 1 }, "g": { "x": 3, "y": 1 }, "d": { "x": 2, "y": 1 } },
			{ "s": { "x": 4, "y": 5 }, "g": { "x": 3, "y": 5 }, "d": { "x": 2, "y": 5 } },
			{ "s": { "x": 6, "y": 2 }, "g": { "x": 6, "y": 3 }, "d": { "x": 6, "y": 4 } },
			{ "s": { "x": 1, "y": 2 }, "g": { "x": 2, "y": 2 }, "d": { "x": 3, "y": 2 } },
			{ "s": { "x": 4, "y": 3 }, "g": { "x": 4, "y": 4 }, "d": { "x": 4, "y": 5 } },
			{ "s": { "x": 4, "y": 6 }, "g": { "x": 4, "y": 5 }, "d": { "x": 4, "y": 4 } },
			{ "s": { "x": 1, "y": 3 }, "g": { "x": 2, "y": 3 }, "d": { "x": 3, "y": 3 } },
			{ "s": { "x": 3, "y": 2 }, "g": { "x": 3, "y": 3 }, "d": { "x": 3, "y": 4 } },
			{ "s": { "x": 2, "y": 5 }, "g": { "x": 2, "y": 4 }, "d": { "x": 2, "y": 3 } },
			{ "s": { "x": 2, "y": 0 }, "g": { "x": 2, "y": 1 }, "d": { "x": 2, "y": 2 } },
			{ "s": { "x": 2, "y": 3 }, "g": { "x": 2, "y": 2 }, "d": { "x": 2, "y": 1 } },
			{ "s": { "x": 3, "y": 4 }, "g": { "x": 4, "y": 4 }, "d": { "x": 5, "y": 4 } },
			{ "s": { "x": 6, "y": 4 }, "g": { "x": 5, "y": 4 }, "d": { "x": 4, "y": 4 } },
			{ "s": { "x": 4, "y": 0 }, "g": { "x": 3, "y": 0 }, "d": { "x": 2, "y": 0 } },
			{ "s": { "x": 2, "y": 0 }, "g": { "x": 2, "y": 1 }, "d": { "x": 2, "y": 2 } }
		]
	},
	{
		"endPoint": { "x": 4, "y": 2 },
		"moves": [
			{ "s": { "x": 4, "y": 0 }, "g": { "x": 4, "y": 1 }, "d": { "x": 4, "y": 2 } },
			{ "s": { "x": 4, "y": 3 }, "g": { "x": 4, "y": 2 }, "d": { "x": 4, "y": 1 } },
			{ "s": { "x": 2, "y": 0 }, "g": { "x": 3, "y": 0 }, "d": { "x": 4, "y": 0 } },
			{ "s": { "x": 4, "y": 5 }, "g": { "x": 4, "y": 4 }, "d": { "x": 4, "y": 3 } },
			{ "s": { "x": 2, "y": 5 }, "g": { "x": 3, "y": 5 }, "d": { "x": 4, "y": 5 } },
			{ "s": { "x": 4, "y": 6 }, "g": { "x": 4, "y": 5 }, "d": { "x": 4, "y": 4 } },
			{ "s": { "x": 2, "y": 3 }, "g": { "x": 2, "y": 4 }, "d": { "x": 2, "y": 5 } },
			{ "s": { "x": 3, "y": 2 }, "g": { "x": 3, "y": 1 }, "d": { "x": 3, "y": 0 } },
			{ "s": { "x": 2, "y": 6 }, "g": { "x": 3, "y": 6 }, "d": { "x": 4, "y": 6 } },
			{ "s": { "x": 3, "y": 3 }, "g": { "x": 3, "y": 4 }, "d": { "x": 3, "y": 5 } },
			{ "s": { "x": 2, "y": 5 }, "g": { "x": 3, "y": 5 }, "d": { "x": 4, "y": 5 } },
			{ "s": { "x": 0, "y": 4 }, "g": { "x": 1, "y": 4 }, "d": { "x": 2, "y": 4 } },
			{ "s": { "x": 2, "y": 1 }, "g": { "x": 2, "y": 2 }, "d": { "x": 2, "y": 3 } },
			{ "s": { "x": 2, "y": 3 }, "g": { "x": 2, "y": 4 }, "d": { "x": 2, "y": 5 } },
			{ "s": { "x": 1, "y": 2 }, "g": { "x": 1, "y": 3 }, "d": { "x": 1, "y": 4 } },
			{ "s": { "x": 6, "y": 2 }, "g": { "x": 5, "y": 2 }, "d": { "x": 4, "y": 2 } },
			{ "s": { "x": 4, "y": 0 }, "g": { "x": 3, "y": 0 }, "d": { "x": 2, "y": 0 } },
			{ "s": { "x": 6, "y": 4 }, "g": { "x": 6, "y": 3 }, "d": { "x": 6, "y": 2 } },
			{ "s": { "x": 5, "y": 4 }, "g": { "x": 5, "y": 3 }, "d": { "x": 5, "y": 2 } },
			{ "s": { "x": 5, "y": 2 }, "g": { "x": 4, "y": 2 }, "d": { "x": 3, "y": 2 } },
			{ "s": { "x": 4, "y": 4 }, "g": { "x": 4, "y": 3 }, "d": { "x": 4, "y": 2 } },
			{ "s": { "x": 3, "y": 2 }, "g": { "x": 4, "y": 2 }, "d": { "x": 5, "y": 2 } },
			{ "s": { "x": 0, "y": 2 }, "g": { "x": 0, "y": 3 }, "d": { "x": 0, "y": 4 } },
			{ "s": { "x": 0, "y": 4 }, "g": { "x": 1, "y": 4 }, "d": { "x": 2, "y": 4 } },
			{ "s": { "x": 4, "y": 6 }, "g": { "x": 4, "y": 5 }, "d": { "x": 4, "y": 4 } },
			{ "s": { "x": 2, "y": 4 }, "g": { "x": 2, "y": 5 }, "d": { "x": 2, "y": 6 } },
			{ "s": { "x": 6, "y": 2 }, "g": { "x": 5, "y": 2 }, "d": { "x": 4, "y": 2 } },
			{ "s": { "x": 4, "y": 1 }, "g": { "x": 4, "y": 2 }, "d": { "x": 4, "y": 3 } },
			{ "s": { "x": 4, "y": 3 }, "g": { "x": 4, "y": 4 }, "d": { "x": 4, "y": 5 } }
		]
	},
	{
		"endPoint": { "x": 4, "y": 0 },
		"moves": [
			{ "s": { "x": 4, "y": 2 }, "g": { "x": 4, "y": 1 }, "d": { "x": 4, "y": 0 } },
			{ "s": { "x": 2, "y": 2 }, "g": { "x": 3, "y": 2 }, "d": { "x": 4, "y": 2 } },
			{ "s": { "x": 0, "y": 2 }, "g": { "x": 1, "y": 2 }, "d": { "x": 2, "y": 2 } },
			{ "s": { "x": 3, "y": 0 }, "g": { "x": 3, "y": 1 }, "d": { "x": 3, "y": 2 } },
			{ "s": { "x": 3, "y": 2 }, "g": { "x": 2, "y": 2 }, "d": { "x": 1, "y": 2 } },
			{ "s": { "x": 0, "y": 4 }, "g": { "x": 0, "y": 3 }, "d": { "x": 0, "y": 2 } },
			{ "s": { "x": 3, "y": 4 }, "g": { "x": 3, "y": 3 }, "d": { "x": 3, "y": 2 } },
			{ "s": { "x": 2, "y": 0 }, "g": { "x": 2, "y": 1 }, "d": { "x": 2, "y": 2 } },
			{ "s": { "x": 2, "y": 3 }, "g": { "x": 1, "y": 3 }, "d": { "x": 0, "y": 3 } },
			{ "s": { "x": 4, "y": 3 }, "g": { "x": 4, "y": 2 }, "d": { "x": 4, "y": 1 } },
			{ "s": { "x": 3, "y": 6 }, "g": { "x": 3, "y": 5 }, "d": { "x": 3, "y": 4 } },
			{ "s": { "x": 6, "y": 3 }, "g": { "x": 5, "y": 3 }, "d": { "x": 4, "y": 3 } },
			{ "s": { "x": 2, "y": 4 }, "g": { "x": 1, "y": 4 }, "d": { "x": 0, "y": 4 } },
			{ "s": { "x": 6, "y": 2 }, "g": { "x": 5, "y": 2 }, "d": { "x": 4, "y": 2 } },
			{ "s": { "x": 3, "y": 2 }, "g": { "x": 4, "y": 2 }, "d": { "x": 5, "y": 2 } },
			{ "s": { "x": 2, "y": 6 }, "g": { "x": 2, "y": 5 }, "d": { "x": 2, "y": 4 } },
			{ "s": { "x": 4, "y": 0 }, "g": { "x": 4, "y": 1 }, "d": { "x": 4, "y": 2 } },
			{ "s": { "x": 4, "y": 2 }, "g": { "x": 5, "y": 2 }, "d": { "x": 6, "y": 2 } },
			{ "s": { "x": 1, "y": 2 }, "g": { "x": 2, "y": 2 }, "d": { "x": 3, "y": 2 } },
			{ "s": { "x": 3, "y": 4 }, "g": { "x": 2, "y": 4 }, "d": { "x": 1, "y": 4 } },
			{ "s": { "x": 5, "y": 4 }, "g": { "x": 4, "y": 4 }, "d": { "x": 3, "y": 4 } },
			{ "s": { "x": 0, "y": 4 }, "g": { "x": 1, "y": 4 }, "d": { "x": 2, "y": 4 } },
			{ "s": { "x": 3, "y": 4 }, "g": { "x": 2, "y": 4 }, "d": { "x": 1, "y": 4 } },
			{ "s": { "x": 4, "y": 6 }, "g": { "x": 4, "y": 5 }, "d": { "x": 4, "y": 4 } },
			{ "s": { "x": 4, "y": 4 }, "g": { "x": 4, "y": 3 }, "d": { "x": 4, "y": 2 } },
			{ "s": { "x": 3, "y": 2 }, "g": { "x": 4, "y": 2 }, "d": { "x": 5, "y": 2 } },
			{ "s": { "x": 6, "y": 2 }, "g": { "x": 5, "y": 2 }, "d": { "x": 4, "y": 2 } },
			{ "s": { "x": 0, "y": 2 }, "g": { "x": 0, "y": 3 }, "d": { "x": 0, "y": 4 } },
			{ "s": { "x": 0, "y": 4 }, "g": { "x": 1, "y": 4 }, "d": { "x": 2, "y": 4 } }
		]
	},
	{
		"endPoint": { "x": 6, "y": 3 },
		"moves": [
			{ "s": { "x": 4, "y": 3 }, "g": { "x": 5, "y": 3 }, "d": { "x": 6, "y": 3 } },
			{ "s": { "x": 4, "y": 5 }, "g": { "x": 4, "y": 4 }, "d": { "x": 4, "y": 3 } },
			{ "s": { "x": 2, "y": 5 }, "g": { "x": 3, "y": 5 }, "d": { "x": 4, "y": 5 } },
			{ "s": { "x": 2, "y": 3 }, "g": { "x": 2, "y": 4 }, "d": { "x": 2, "y": 5 } },
			{ "s": { "x": 6, "y": 4 }, "g": { "x": 5, "y": 4 }, "d": { "x": 4, "y": 4 } },
			{ "s": { "x": 6, "y": 2 }, "g": { "x": 6, "y": 3 }, "d": { "x": 6, "y": 4 } },
			{ "s": { "x": 3, "y": 3 }, "g": { "x": 4, "y": 3 }, "d": { "x": 5, "y": 3 } },
			{ "s": { "x": 0, "y": 3 }, "g": { "x": 1, "y": 3 }, "d": { "x": 2, "y": 3 } },
			{ "s": { "x": 4, "y": 1 }, "g": { "x": 4, "y": 2 }, "d": { "x": 4, "y": 3 } },
			{ "s": { "x": 4, "y": 3 }, "g": { "x": 5, "y": 3 }, "d": { "x": 6, "y": 3 } },
			{ "s": { "x": 4, "y": 5 }, "g": { "x": 4, "y": 4 }, "d": { "x": 4, "y": 3 } },
			{ "s": { "x": 2, "y": 1 }, "g": { "x": 3, "y": 1 }, "d": { "x": 4, "y": 1 } },
			{ "s": { "x": 2, "y": 2 }, "g": { "x": 3, "y": 2 }, "d": { "x": 4, "y": 2 } },
			{ "s": { "x": 5, "y": 2 }, "g": { "x": 4, "y": 2 }, "d": { "x": 3, "y": 2 } },
			{ "s": { "x": 4, "y": 0 }, "g": { "x": 4, "y": 1 }, "d": { "x": 4, "y": 2 } },
			{ "s": { "x": 0, "y": 4 }, "g": { "x": 1, "y": 4 }, "d": { "x": 2, "y": 4 } },
			{ "s": { "x": 3, "y": 4 }, "g": { "x": 2, "y": 4 }, "d": { "x": 1, "y": 4 } },
			{ "s": { "x": 3, "y": 2 }, "g": { "x": 4, "y": 2 }, "d": { "x": 5, "y": 2 } },
			{ "s": { "x": 2, "y": 6 }, "g": { "x": 2, "y": 5 }, "d": { "x": 2, "y": 4 } },
			{ "s": { "x": 1, "y": 4 }, "g": { "x": 2, "y": 4 }, "d": { "x": 3, "y": 4 } },
			{ "s": { "x": 4, "y": 6 }, "g": { "x": 3, "y": 6 }, "d": { "x": 2, "y": 6 } },
			{ "s": { "x": 2, "y": 0 }, "g": { "x": 3, "y": 0 }, "d": { "x": 4, "y": 0 } },
			{ "s": { "x": 6, "y": 4 }, "g": { "x": 6, "y": 3 }, "d": { "x": 6, "y": 2 } },
			{ "s": { "x": 0, "y": 2 }, "g": { "x": 1, "y": 2 }, "d": { "x": 2, "y": 2 } },
			{ "s": { "x": 2, "y": 2 }, "g": { "x": 2, "y": 3 }, "d": { "x": 2, "y": 4 } },
			{ "s": { "x": 6, "y": 2 }, "g": { "x": 5, "y": 2 }, "d": { "x": 4, "y": 2 } },
			{ "s": { "x": 4, "y": 3 }, "g": { "x": 4, "y": 2 }, "d": { "x": 4, "y": 1 } },
			{ "s": { "x": 4, "y": 0 }, "g": { "x": 4, "y": 1 }, "d": { "x": 4, "y": 2 } },
			{ "s": { "x": 2, "y": 4 }, "g": { "x": 3, "y": 4 }, "d": { "x": 4, "y": 4 } }
		]
	},
	{
		"endPoint": { "x": 5, "y": 4 },
		"moves": [
			{ "s": { "x": 3, "y": 4 }, "g": { "x": 4, "y": 4 }, "d": { "x": 5, "y": 4 } },
			{ "s": { "x": 1, "y": 4 }, "g": { "x": 2, "y": 4 }, "d": { "x": 3, "y": 4 } },
			{ "s": { "x": 4, "y": 2 }, "g": { "x": 4, "y": 3 }, "d": { "x": 4, "y": 4 } },
			{ "s": { "x": 1, "y": 2 }, "g": { "x": 1, "y": 3 }, "d": { "x": 1, "y": 4 } },
			{ "s": { "x": 4, "y": 5 }, "g": { "x": 4, "y": 4 }, "d": { "x": 4, "y": 3 } },
			{ "s": { "x": 2, "y": 5 }, "g": { "x": 3, "y": 5 }, "d": { "x": 4, "y": 5 } },
			{ "s": { "x": 0, "y": 4 }, "g": { "x": 1, "y": 4 }, "d": { "x": 2, "y": 4 } },
			{ "s": { "x": 3, "y": 2 }, "g": { "x": 2, "y": 2 }, "d": { "x": 1, "y": 2 } },
			{ "s": { "x": 3, "y": 4 }, "g": { "x": 2, "y": 4 }, "d": { "x": 1, "y": 4 } },
			{ "s": { "x": 4, "y": 0 }, "g": { "x": 4, "y": 1 }, "d": { "x": 4, "y": 2 } },
			{ "s": { "x": 2, "y": 0 }, "g": { "x": 3, "y": 0 }, "d": { "x": 4, "y": 0 } },
			{ "s": { "x": 2, "y": 1 }, "g": { "x": 3, "y": 1 }, "d": { "x": 4, "y": 1 } },
			{ "s": { "x": 3, "y": 3 }, "g": { "x": 2, "y": 3 }, "d": { "x": 1, "y": 3 } },
			{ "s": { "x": 5, "y": 2 }, "g": { "x": 4, "y": 2 }, "d": { "x": 3, "y": 2 } },
			{ "s": { "x": 0, "y": 2 }, "g": { "x": 0, "y": 3 }, "d": { "x": 0, "y": 4 } },
			{ "s": { "x": 6, "y": 4 }, "g": { "x": 5, "y": 4 }, "d": { "x": 4, "y": 4 } },
			{ "s": { "x": 0, "y": 4 }, "g": { "x": 1, "y": 4 }, "d": { "x": 2, "y": 4 } },
			{ "s": { "x": 6, "y": 2 }, "g": { "x": 6, "y": 3 }, "d": { "x": 6, "y": 4 } },
			{ "s": { "x": 4, "y": 4 }, "g": { "x": 4, "y": 3 }, "d": { "x": 4, "y": 2 } },
			{ "s": { "x": 4, "y": 2 }, "g": { "x": 3, "y": 2 }, "d": { "x": 2, "y": 2 } },
			{ "s": { "x": 1, "y": 2 }, "g": { "x": 1, "y": 3 }, "d": { "x": 1, "y": 4 } },
			{ "s": { "x": 4, "y": 0 }, "g": { "x": 4, "y": 1 }, "d": { "x": 4, "y": 2 } },
			{ "s": { "x": 4, "y": 6 }, "g": { "x": 4, "y": 5 }, "d": { "x": 4, "y": 4 } },
			{ "s": { "x": 2, "y": 6 }, "g": { "x": 3, "y": 6 }, "d": { "x": 4, "y": 6 } },
			{ "s": { "x": 1, "y": 4 }, "g": { "x": 2, "y": 4 }, "d": { "x": 3, "y": 4 } },
			{ "s": { "x": 3, "y": 4 }, "g": { "x": 4, "y": 4 }, "d": { "x": 5, "y": 4 } },
			{ "s": { "x": 5, "y": 4 }, "g": { "x": 5, "y": 3 }, "d": { "x": 5, "y": 2 } },
			{ "s": { "x": 5, "y": 2 }, "g": { "x": 4, "y": 2 }, "d": { "x": 3, "y": 2 } },
			{ "s": { "x": 2, "y": 2 }, "g": { "x": 3, "y": 2 }, "d": { "x": 4, "y": 2 } }
		]
	},
	{
		"endPoint": { "x": 2, "y": 1 },
		"moves": [
			{ "s": { "x": 2, "y": 3 }, "g": { "x": 2, "y": 2 }, "d": { "x": 2, "y": 1 } },
			{ "s": { "x": 0, "y": 2 }, "g": { "x": 1, "y": 2 }, "d": { "x": 2, "y": 2 } },
			{ "s": { "x": 1, "y": 4 }, "g": { "x": 1, "y": 3 }, "d": { "x": 1, "y": 2 } },
			{ "s": { "x": 0, "y": 4 }, "g": { "x": 0, "y": 3 }, "d": { "x": 0, "y": 2 } },
			{ "s": { "x": 2, "y": 5 }, "g": { "x": 2, "y": 4 }, "d": { "x": 2, "y": 3 } },
			{ "s": { "x": 2, "y": 2 }, "g": { "x": 2, "y": 3 }, "d": { "x": 2, "y": 4 } },
			{ "s": { "x": 3, "y": 4 }, "g": { "x": 2, "y": 4 }, "d": { "x": 1, "y": 4 } },
			{ "s": { "x": 4, "y": 3 }, "g": { "x": 3, "y": 3 }, "d": { "x": 2, "y": 3 } },
			{ "s": { "x": 5, "y": 4 }, "g": { "x": 4, "y": 4 }, "d": { "x": 3, "y": 4 } },
			{ "s": { "x": 3, "y": 5 }, "g": { "x": 3, "y": 4 }, "d": { "x": 3, "y": 3 } },
			{ "s": { "x": 3, "y": 2 }, "g": { "x": 3, "y": 3 }, "d": { "x": 3, "y": 4 } },
			{ "s": { "x": 0, "y": 2 }, "g": { "x": 1, "y": 2 }, "d": { "x": 2, "y": 2 } },
			{ "s": { "x": 2, "y": 2 }, "g": { "x": 2, "y": 3 }, "d": { "x": 2, "y": 4 } },
			{ "s": { "x": 5, "y": 2 }, "g": { "x": 4, "y": 2 }, "d": { "x": 3, "y": 2 } },
			{ "s": { "x": 4, "y": 6 }, "g": { "x": 4, "y": 5 }, "d": { "x": 4, "y": 4 } },
			{ "s": { "x": 2, "y": 6 }, "g": { "x": 3, "y": 6 }, "d": { "x": 4, "y": 6 } },
			{ "s": { "x": 4, "y": 0 }, "g": { "x": 4, "y": 1 }, "d": { "x": 4, "y": 2 } },
			{ "s": { "x": 3, "y": 2 }, "g": { "x": 4, "y": 2 }, "d": { "x": 5, "y": 2 } },
			{ "s": { "x": 2, "y": 4 }, "g": { "x": 1, "y": 4 }, "d": { "x": 0, "y": 4 } },
			{ "s": { "x": 3, "y": 4 }, "g": { "x": 4, "y": 4 }, "d": { "x": 5, "y": 4 } },
			{ "s": { "x": 6, "y": 4 }, "g": { "x": 5, "y": 4 }, "d": { "x": 4, "y": 4 } },
			{ "s": { "x": 6, "y": 3 }, "g": { "x": 5, "y": 3 }, "d": { "x": 4, "y": 3 } },
			{ "s": { "x": 2, "y": 0 }, "g": { "x": 3, "y": 0 }, "d": { "x": 4, "y": 0 } },
			{ "s": { "x": 6, "y": 2 }, "g": { "x": 5, "y": 2 }, "d": { "x": 4, "y": 2 } },
			{ "s": { "x": 4, "y": 3 }, "g": { "x": 4, "y": 4 }, "d": { "x": 4, "y": 5 } },
			{ "s": { "x": 2, "y": 1 }, "g": { "x": 3, "y": 1 }, "d": { "x": 4, "y": 1 } },
			{ "s": { "x": 4, "y": 1 }, "g": { "x": 4, "y": 2 }, "d": { "x": 4, "y": 3 } },
			{ "s": { "x": 4, "y": 6 }, "g": { "x": 4, "y": 5 }, "d": { "x": 4, "y": 4 } },
			{ "s": { "x": 4, "y": 4 }, "g": { "x": 4, "y": 3 }, "d": { "x": 4, "y": 2 } }
		]
	},
	{
		"endPoint": { "x": 4, "y": 4 },
		"moves": [
			{ "s": { "x": 4, "y": 2 }, "g": { "x": 4, "y": 3 }, "d": { "x": 4, "y": 4 } },
			{ "s": { "x": 6, "y": 2 }, "g": { "x": 5, "y": 2 }, "d": { "x": 4, "y": 2 } },
			{ "s": { "x": 5, "y": 4 }, "g": { "x": 5, "y": 3 }, "d": { "x": 5, "y": 2 } },
			{ "s": { "x": 4, "y": 1 }, "g": { "x": 4, "y": 2 }, "d": { "x": 4, "y": 3 } },
			{ "s": { "x": 2, "y": 1 }, "g": { "x": 3, "y": 1 }, "d": { "x": 4, "y": 1 } },
			{ "s": { "x": 4, "y": 4 }, "g": { "x": 4, "y": 3 }, "d": { "x": 4, "y": 2 } },
			{ "s": { "x": 3, "y": 3 }, "g": { "x": 3, "y": 2 }, "d": { "x": 3, "y": 1 } },
			{ "s": { "x": 5, "y": 2 }, "g": { "x": 4, "y": 2 }, "d": { "x": 3, "y": 2 } },
			{ "s": { "x": 6, "y": 4 }, "g": { "x": 6, "y": 3 }, "d": { "x": 6, "y": 2 } },
			{ "s": { "x": 2, "y": 4 }, "g": { "x": 3, "y": 4 }, "d": { "x": 4, "y": 4 } },
			{ "s": { "x": 4, "y": 5 }, "g": { "x": 4, "y": 4 }, "d": { "x": 4, "y": 3 } },
			{ "s": { "x": 2, "y": 5 }, "g": { "x": 3, "y": 5 }, "d": { "x": 4, "y": 5 } },
			{ "s": { "x": 0, "y": 4 }, "g": { "x": 1, "y": 4 }, "d": { "x": 2, "y": 4 } },
			{ "s": { "x": 4, "y": 6 }, "g": { "x": 4, "y": 5 }, "d": { "x": 4, "y": 4 } },
			{ "s": { "x": 1, "y": 2 }, "g": { "x": 1, "y": 3 }, "d": { "x": 1, "y": 4 } },
			{ "s": { "x": 3, "y": 2 }, "g": { "x": 2, "y": 2 }, "d": { "x": 1, "y": 2 } },
			{ "s": { "x": 3, "y": 0 }, "g": { "x": 3, "y": 1 }, "d": { "x": 3, "y": 2 } },
			{ "s": { "x": 4, "y": 3 }, "g": { "x": 4, "y": 4 }, "d": { "x": 4, "y": 5 } },
			{ "s": { "x": 4, "y": 0 }, "g": { "x": 4, "y": 1 }, "d": { "x": 4, "y": 2 } },
			{ "s": { "x": 2, "y": 6 }, "g": { "x": 3, "y": 6 }, "d": { "x": 4, "y": 6 } },
			{ "s": { "x": 4, "y": 2 }, "g": { "x": 3, "y": 2 }, "d": { "x": 2, "y": 2 } },
			{ "s": { "x": 4, "y": 6 }, "g": { "x": 4, "y": 5 }, "d": { "x": 4, "y": 4 } },
			{ "s": { "x": 2, "y": 3 }, "g": { "x": 2, "y": 4 }, "d": { "x": 2, "y": 5 } },
			{ "s": { "x": 0, "y": 2 }, "g": { "x": 0, "y": 3 }, "d": { "x": 0, "y": 4 } },
			{ "s": { "x": 0, "y": 4 }, "g": { "x": 1, "y": 4 }, "d": { "x": 2, "y": 4 } },
			{ "s": { "x": 2, "y": 5 }, "g": { "x": 2, "y": 4 }, "d": { "x": 2, "y": 3 } },
			{ "s": { "x": 2, "y": 3 }, "g": { "x": 2, "y": 2 }, "d": { "x": 2, "y": 1 } },
			{ "s": { "x": 2, "y": 0 }, "g": { "x": 2, "y": 1 }, "d": { "x": 2, "y": 2 } },
			{ "s": { "x": 1, "y": 2 }, "g": { "x": 2, "y": 2 }, "d": { "x": 3, "y": 2 } }
		]
	},
	{
		"endPoint": { "x": 3, "y": 4 },
		"moves": [
			{ "s": { "x": 1, "y": 4 }, "g": { "x": 2, "y": 4 }, "d": { "x": 3, "y": 4 } },
			{ "s": { "x": 1, "y": 2 }, "g": { "x": 1, "y": 3 }, "d": { "x": 1, "y": 4 } },
			{ "s": { "x": 3, "y": 3 }, "g": { "x": 2, "y": 3 }, "d": { "x": 1, "y": 3 } },
			{ "s": { "x": 2, "y": 1 }, "g": { "x": 2, "y": 2 }, "d": { "x": 2, "y": 3 } },
			{ "s": { "x": 1, "y": 4 }, "g": { "x": 1, "y": 3 }, "d": { "x": 1, "y": 2 } },
			{ "s": { "x": 2, "y": 6 }, "g": { "x": 2, "y": 5 }, "d": { "x": 2, "y": 4 } },
			{ "s": { "x": 4, "y": 6 }, "g": { "x": 3, "y": 6 }, "d": { "x": 2, "y": 6 } },
			{ "s": { "x": 4, "y": 5 }, "g": { "x": 3, "y": 5 }, "d": { "x": 2, "y": 5 } },
			{ "s": { "x": 5, "y": 3 }, "g": { "x": 4, "y": 3 }, "d": { "x": 3, "y": 3 } },
			{ "s": { "x": 4, "y": 1 }, "g": { "x": 4, "y": 2 }, "d": { "x": 4, "y": 3 } },
			{ "s": { "x": 3, "y": 3 }, "g": { "x": 2, "y": 3 }, "d": { "x": 1, "y": 3 } },
			{ "s": { "x": 0, "y": 3 }, "g": { "x": 1, "y": 3 }, "d": { "x": 2, "y": 3 } },
			{ "s": { "x": 3, "y": 4 }, "g": { "x": 2, "y": 4 }, "d": { "x": 1, "y": 4 } },
			{ "s": { "x": 0, "y": 2 }, "g": { "x": 1, "y": 2 }, "d": { "x": 2, "y": 2 } },
			{ "s": { "x": 6, "y": 2 }, "g": { "x": 5, "y": 2 }, "d": { "x": 4, "y": 2 } },
			{ "s": { "x": 4, "y": 3 }, "g": { "x": 4, "y": 2 }, "d": { "x": 4, "y": 1 } },
			{ "s": { "x": 5, "y": 4 }, "g": { "x": 4, "y": 4 }, "d": { "x": 3, "y": 4 } },
			{ "s": { "x": 4, "y": 0 }, "g": { "x": 4, "y": 1 }, "d": { "x": 4, "y": 2 } },
			{ "s": { "x": 3, "y": 2 }, "g": { "x": 4, "y": 2 }, "d": { "x": 5, "y": 2 } },
			{ "s": { "x": 2, "y": 6 }, "g": { "x": 2, "y": 5 }, "d": { "x": 2, "y": 4 } },
			{ "s": { "x": 6, "y": 4 }, "g": { "x": 6, "y": 3 }, "d": { "x": 6, "y": 2 } },
			{ "s": { "x": 2, "y": 3 }, "g": { "x": 2, "y": 2 }, "d": { "x": 2, "y": 1 } },
			{ "s": { "x": 2, "y": 0 }, "g": { "x": 3, "y": 0 }, "d": { "x": 4, "y": 0 } },
			{ "s": { "x": 2, "y": 1 }, "g": { "x": 3, "y": 1 }, "d": { "x": 4, "y": 1 } },
			{ "s": { "x": 6, "y": 2 }, "g": { "x": 5, "y": 2 }, "d": { "x": 4, "y": 2 } },
			{ "s": { "x": 4, "y": 1 }, "g": { "x": 4, "y": 2 }, "d": { "x": 4, "y": 3 } },
			{ "s": { "x": 2, "y": 4 }, "g": { "x": 3, "y": 4 }, "d": { "x": 4, "y": 4 } },
			{ "s": { "x": 0, "y": 4 }, "g": { "x": 1, "y": 4 }, "d": { "x": 2, "y": 4 } },
			{ "s": { "x": 4, "y": 3 }, "g": { "x": 4, "y": 4 }, "d": { "x": 4, "y": 5 } }
		]
	},
	{
		"endPoint": { "x": 2, "y": 2 },
		"moves": [
			{ "s": { "x": 4, "y": 2 }, "g": { "x": 3, "y": 2 }, "d": { "x": 2, "y": 2 } },
			{ "s": { "x": 4, "y": 4 }, "g": { "x": 4, "y": 3 }, "d": { "x": 4, "y": 2 } },
			{ "s": { "x": 4, "y": 1 }, "g": { "x": 4, "y": 2 }, "d": { "x": 4, "y": 3 } },
			{ "s": { "x": 1, "y": 2 }, "g": { "x": 2, "y": 2 }, "d": { "x": 3, "y": 2 } },
			{ "s": { "x": 2, "y": 4 }, "g": { "x": 2, "y": 3 }, "d": { "x": 2, "y": 2 } },
			{ "s": { "x": 4, "y": 6 }, "g": { "x": 4, "y": 5 }, "d": { "x": 4, "y": 4 } },
			{ "s": { "x": 4, "y": 3 }, "g": { "x": 4, "y": 4 }, "d": { "x": 4, "y": 5 } },
			{ "s": { "x": 0, "y": 4 }, "g": { "x": 1, "y": 4 }, "d": { "x": 2, "y": 4 } },
			{ "s": { "x": 2, "y": 6 }, "g": { "x": 3, "y": 6 }, "d": { "x": 4, "y": 6 } },
			{ "s": { "x": 6, "y": 3 }, "g": { "x": 5, "y": 3 }, "d": { "x": 4, "y": 3 } },
			{ "s": { "x": 0, "y": 3 }, "g": { "x": 1, "y": 3 }, "d": { "x": 2, "y": 3 } },
			{ "s": { "x": 2, "y": 1 }, "g": { "x": 3, "y": 1 }, "d": { "x": 4, "y": 1 } },
			{ "s": { "x": 3, "y": 3 }, "g": { "x": 3, "y": 2 }, "d": { "x": 3, "y": 1 } },
			{ "s": { "x": 2, "y": 3 }, "g": { "x": 2, "y": 2 }, "d": { "x": 2, "y": 1 } },
			{ "s": { "x": 2, "y": 4 }, "g": { "x": 2, "y": 5 }, "d": { "x": 2, "y": 6 } },
			{ "s": { "x": 3, "y": 0 }, "g": { "x": 3, "y": 1 }, "d": { "x": 3, "y": 2 } },
			{ "s": { "x": 4, "y": 0 }, "g": { "x": 4, "y": 1 }, "d": { "x": 4, "y": 2 } },
			{ "s": { "x": 4, "y": 3 }, "g": { "x": 4, "y": 2 }, "d": { "x": 4, "y": 1 } },
			{ "s": { "x": 3, "y": 4 }, "g": { "x": 3, "y": 5 }, "d": { "x": 3, "y": 6 } },
			{ "s": { "x": 6, "y": 2 }, "g": { "x": 5, "y": 2 }, "d": { "x": 4, "y": 2 } },
			{ "s": { "x": 4, "y": 1 }, "g": { "x": 4, "y": 2 }, "d": { "x": 4, "y": 3 } },
			{ "s": { "x": 2, "y": 0 }, "g": { "x": 2, "y": 1 }, "d": { "x": 2, "y": 2 } },
			{ "s": { "x": 4, "y": 6 }, "g": { "x": 4, "y": 5 }, "d": { "x": 4, "y": 4 } },
			{ "s": { "x": 4, "y": 3 }, "g": { "x": 4, "y": 4 }, "d": { "x": 4, "y": 5 } },
			{ "s": { "x": 3, "y": 2 }, "g": { "x": 2, "y": 2 }, "d": { "x": 1, "y": 2 } },
			{ "s": { "x": 2, "y": 6 }, "g": { "x": 3, "y": 6 }, "d": { "x": 4, "y": 6 } },
			{ "s": { "x": 0, "y": 2 }, "g": { "x": 1, "y": 2 }, "d": { "x": 2, "y": 2 } },
			{ "s": { "x": 4, "y": 6 }, "g": { "x": 4, "y": 5 }, "d": { "x": 4, "y": 4 } },
			{ "s": { "x": 5, "y": 4 }, "g": { "x": 4, "y": 4 }, "d": { "x": 3, "y": 4 } }
		]
	},
	{
		"endPoint": { "x": 0, "y": 2 },
		"moves": [
			{ "s": { "x": 0, "y": 4 }, "g": { "x": 0, "y": 3 }, "d": { "x": 0, "y": 2 } },
			{ "s": { "x": 2, "y": 4 }, "g": { "x": 1, "y": 4 }, "d": { "x": 0, "y": 4 } },
			{ "s": { "x": 2, "y": 3 }, "g": { "x": 1, "y": 3 }, "d": { "x": 0, "y": 3 } },
			{ "s": { "x": 4, "y": 4 }, "g": { "x": 3, "y": 4 }, "d": { "x": 2, "y": 4 } },
			{ "s": { "x": 4, "y": 6 }, "g": { "x": 4, "y": 5 }, "d": { "x": 4, "y": 4 } },
			{ "s": { "x": 2, "y": 6 }, "g": { "x": 3, "y": 6 }, "d": { "x": 4, "y": 6 } },
			{ "s": { "x": 2, "y": 5 }, "g": { "x": 3, "y": 5 }, "d": { "x": 4, "y": 5 } },
			{ "s": { "x": 5, "y": 4 }, "g": { "x": 4, "y": 4 }, "d": { "x": 3, "y": 4 } },
			{ "s": { "x": 4, "y": 6 }, "g": { "x": 4, "y": 5 }, "d": { "x": 4, "y": 4 } },
			{ "s": { "x": 4, "y": 3 }, "g": { "x": 4, "y": 4 }, "d": { "x": 4, "y": 5 } },
			{ "s": { "x": 2, "y": 4 }, "g": { "x": 3, "y": 4 }, "d": { "x": 4, "y": 4 } },
			{ "s": { "x": 5, "y": 2 }, "g": { "x": 5, "y": 3 }, "d": { "x": 5, "y": 4 } },
			{ "s": { "x": 3, "y": 2 }, "g": { "x": 4, "y": 2 }, "d": { "x": 5, "y": 2 } },
			{ "s": { "x": 2, "y": 1 }, "g": { "x": 2, "y": 2 }, "d": { "x": 2, "y": 3 } },
			{ "s": { "x": 3, "y": 0 }, "g": { "x": 3, "y": 1 }, "d": { "x": 3, "y": 2 } },
			{ "s": { "x": 4, "y": 5 }, "g": { "x": 4, "y": 4 }, "d": { "x": 4, "y": 3 } },
			{ "s": { "x": 3, "y": 3 }, "g": { "x": 4, "y": 3 }, "d": { "x": 5, "y": 3 } },
			{ "s": { "x": 0, "y": 2 }, "g": { "x": 1, "y": 2 }, "d": { "x": 2, "y": 2 } },
			{ "s": { "x": 0, "y": 4 }, "g": { "x": 0, "y": 3 }, "d": { "x": 0, "y": 2 } },
			{ "s": { "x": 6, "y": 4 }, "g": { "x": 5, "y": 4 }, "d": { "x": 4, "y": 4 } },
			{ "s": { "x": 2, "y": 3 }, "g": { "x": 2, "y": 2 }, "d": { "x": 2, "y": 1 } },
			{ "s": { "x": 2, "y": 0 }, "g": { "x": 2, "y": 1 }, "d": { "x": 2, "y": 2 } },
			{ "s": { "x": 6, "y": 3 }, "g": { "x": 5, "y": 3 }, "d": { "x": 4, "y": 3 } },
			{ "s": { "x": 3, "y": 2 }, "g": { "x": 2, "y": 2 }, "d": { "x": 1, "y": 2 } },
			{ "s": { "x": 4, "y": 3 }, "g": { "x": 4, "y": 4 }, "d": { "x": 4, "y": 5 } },
			{ "s": { "x": 0, "y": 2 }, "g": { "x": 1, "y": 2 }, "d": { "x": 2, "y": 2 } },
			{ "s": { "x": 4, "y": 0 }, "g": { "x": 4, "y": 1 }, "d": { "x": 4, "y": 2 } },
			{ "s": { "x": 5, "y": 2 }, "g": { "x": 4, "y": 2 }, "d": { "x": 3, "y": 2 } },
			{ "s": { "x": 3, "y": 2 }, "g": { "x": 2, "y": 2 }, "d": { "x": 1, "y": 2 } }
		]
	},
	{
		"endPoint": { "x": 2, "y": 5 },
		"moves": [
			{ "s": { "x": 4, "y": 5 }, "g": { "x": 3, "y": 5 }, "d": { "x": 2, "y": 5 } },
			{ "s": { "x": 4, "y": 3 }, "g": { "x": 4, "y": 4 }, "d": { "x": 4, "y": 5 } },
			{ "s": { "x": 2, "y": 4 }, "g": { "x": 3, "y": 4 }, "d": { "x": 4, "y": 4 } },
			{ "s": { "x": 3, "y": 2 }, "g": { "x": 3, "y": 3 }, "d": { "x": 3, "y": 4 } },
			{ "s": { "x": 1, "y": 3 }, "g": { "x": 2, "y": 3 }, "d": { "x": 3, "y": 3 } },
			{ "s": { "x": 4, "y": 1 }, "g": { "x": 4, "y": 2 }, "d": { "x": 4, "y": 3 } },
			{ "s": { "x": 2, "y": 1 }, "g": { "x": 3, "y": 1 }, "d": { "x": 4, "y": 1 } },
			{ "s": { "x": 4, "y": 0 }, "g": { "x": 4, "y": 1 }, "d": { "x": 4, "y": 2 } },
			{ "s": { "x": 3, "y": 3 }, "g": { "x": 3, "y": 4 }, "d": { "x": 3, "y": 5 } },
			{ "s": { "x": 4, "y": 3 }, "g": { "x": 4, "y": 2 }, "d": { "x": 4, "y": 1 } },
			{ "s": { "x": 3, "y": 6 }, "g": { "x": 3, "y": 5 }, "d": { "x": 3, "y": 4 } },
			{ "s": { "x": 6, "y": 2 }, "g": { "x": 5, "y": 2 }, "d": { "x": 4, "y": 2 } },
			{ "s": { "x": 6, "y": 3 }, "g": { "x": 5, "y": 3 }, "d": { "x": 4, "y": 3 } },
			{ "s": { "x": 1, "y": 2 }, "g": { "x": 2, "y": 2 }, "d": { "x": 3, "y": 2 } },
			{ "s": { "x": 3, "y": 2 }, "g": { "x": 4, "y": 2 }, "d": { "x": 5, "y": 2 } },
			{ "s": { "x": 2, "y": 0 }, "g": { "x": 3, "y": 0 }, "d": { "x": 4, "y": 0 } },
			{ "s": { "x": 4, "y": 4 }, "g": { "x": 4, "y": 3 }, "d": { "x": 4, "y": 2 } },
			{ "s": { "x": 0, "y": 4 }, "g": { "x": 1, "y": 4 }, "d": { "x": 2, "y": 4 } },
			{ "s": { "x": 5, "y": 2 }, "g": { "x": 4, "y": 2 }, "d": { "x": 3, "y": 2 } },
			{ "s": { "x": 2, "y": 5 }, "g": { "x": 2, "y": 4 }, "d": { "x": 2, "y": 3 } },
			{ "s": { "x": 0, "y": 2 }, "g": { "x": 0, "y": 3 }, "d": { "x": 0, "y": 4 } },
			{ "s": { "x": 4, "y": 0 }, "g": { "x": 4, "y": 1 }, "d": { "x": 4, "y": 2 } },
			{ "s": { "x": 4, "y": 2 }, "g": { "x": 3, "y": 2 }, "d": { "x": 2, "y": 2 } },
			{ "s": { "x": 2, "y": 2 }, "g": { "x": 2, "y": 3 }, "d": { "x": 2, "y": 4 } },
			{ "s": { "x": 3, "y": 4 }, "g": { "x": 2, "y": 4 }, "d": { "x": 1, "y": 4 } },
			{ "s": { "x": 4, "y": 6 }, "g": { "x": 4, "y": 5 }, "d": { "x": 4, "y": 4 } },
			{ "s": { "x": 5, "y": 4 }, "g": { "x": 4, "y": 4 }, "d": { "x": 3, "y": 4 } },
			{ "s": { "x": 0, "y": 4 }, "g": { "x": 1, "y": 4 }, "d": { "x": 2, "y": 4 } },
			{ "s": { "x": 3, "y": 4 }, "g": { "x": 2, "y": 4 }, "d": { "x": 1, "y": 4 } }
		]
	}
]
